<elements>
  <namespace ns="">
    <summary>To be added.</summary>
    <remarks>To be added.</remarks>
  </namespace>
  <namespace ns="Newtonsoft.Json.Bson">
    <summary>To be added.</summary>
    <remarks>To be added.</remarks>
  </namespace>
  <namespace ns="Newtonsoft.Json.Converters">
    <summary>To be added.</summary>
    <remarks>To be added.</remarks>
  </namespace>
  <namespace ns="Newtonsoft.Json.Linq">
    <summary>To be added.</summary>
    <remarks>To be added.</remarks>
  </namespace>
  <namespace ns="Newtonsoft.Json.Schema">
    <summary>To be added.</summary>
    <remarks>To be added.</remarks>
  </namespace>
  <namespace ns="Newtonsoft.Json.Serialization">
    <summary>To be added.</summary>
    <remarks>To be added.</remarks>
  </namespace>
  <namespace ns="Newtonsoft.Json">
    <summary>To be added.</summary>
    <remarks>To be added.</remarks>
  </namespace>
  <namespace ns="System.Runtime.Serialization.Formatters">
    <summary>To be added.</summary>
    <remarks>To be added.</remarks>
  </namespace>
</elements>